{
    "auc": 0.9931986675530379,
    "accuracy_score": 0.9893745538410851,
    "recall": 1.0,
    "f1": 0.9040892193308551
}