{
    "auc": 0.9945159957901517,
    "f1": 0.9156414762741653,
    "recall": 0.9404332129963899,
    "accuracy": 0.9915663709039796
}